{
    "description": "parametersfor an adaptive test", 
    "title": "test parameters", 
    "params": {
        "theta_flat": [
            0.642106584052544, 
            1.025313907532014, 
            1.3249222747705047, 
            0.7641262864614259, 
            2.2162598274216867, 
            0.9040566387060852, 
            0.5232997468710072, 
            0.7560788441570925, 
            2.4001246137098122, 
            0.8837243187831548, 
            2.932444488587974, 
            0.7675092354857163, 
            0.48876831034892054, 
            0.21667158679379106, 
            2.6299284650917074, 
            0.6746806445851019, 
            2.4999758421666756, 
            0.2814106969989123, 
            1.201087425086418, 
            0.36216086511692136, 
            0.0, 
            0.0, 
            0.0, 
            0.0, 
            0.0, 
            0.0, 
            0.0, 
            0.0, 
            0.0, 
            0.0, 
            0.0, 
            0.0, 
            0.0, 
            0.0, 
            0.0, 
            0.0, 
            0.0, 
            0.0, 
            0.0, 
            0.0, 
            1.0, 
            1.0, 
            1.0, 
            1.0, 
            1.0, 
            1.0, 
            1.0, 
            1.0, 
            1.0, 
            1.0
        ], 
        "num_abilities": 1, 
        "max_length": 15, 
        "max_time_taken": 1000.0, 
        "exercise_ind_dict": {
            "constructions_1": 9, 
            "visualizing-and-interpreting-relationships-between-patterns": 6, 
            "addition_1": 0, 
            "understanding-multiplying-fractions-and-whole-numbers": 3, 
            "identifying_points_1": 1, 
            "volume_1": 2, 
            "slope_intercept_form": 7, 
            "vertical_angles_2": 5, 
            "graphing-proportional-relationships": 8, 
            "coordinate-plane-word-problems": 4
        }
    }, 
    "slug": "Test", 
    "engine_class": "MIRTEngine"
}